Player,Team,ACS,KD_ratio,ADR,HS%,event,Region
aspas,MIBR,261.6,1.66,164.7,26.0,Valorant Champions 2025,Champions
RieNs,TH,226.1,1.14,148.9,34.0,Valorant Champions 2025,Champions
brawk,NRG,224.6,1.17,144.7,17.0,Valorant Champions 2025,Champions
kaajak,FNC,228.4,1.2,148.2,32.0,Valorant Champions 2025,Champions
johnqt,SEN,187.0,1.13,118.7,33.0,Valorant Champions 2025,Champions
Smoggy,EDG,206.0,1.09,135.3,25.0,Valorant Champions 2025,Champions
leaf,G2,222.8,1.13,151.5,21.0,Valorant Champions 2025,Champions
something,PRX,220.4,1.17,141.0,25.0,Valorant Champions 2025,Champions
Knight,BLG,196.8,0.97,135.4,26.0,Valorant Champions 2025,Champions
skuba,NRG,190.1,1.17,124.9,30.0,Valorant Champions 2025,Champions
SpiritZ1,DRG,237.0,1.03,155.7,30.0,Valorant Champions 2025,Champions
NoMan,XLG,221.4,1.18,140.7,32.0,Valorant Champions 2025,Champions
cortezia,MIBR,196.4,1.27,130.2,33.0,Valorant Champions 2025,Champions
Cloud,GX,202.5,1.02,135.2,29.0,Valorant Champions 2025,Champions
Chronicle,FNC,204.2,1.07,138.7,29.0,Valorant Champions 2025,Champions
Alfajer,FNC,211.7,1.14,141.3,34.0,Valorant Champions 2025,Champions
jawgemo,G2,230.4,1.09,141.7,28.0,Valorant Champions 2025,Champions
Jinggg,PRX,224.3,1.1,146.0,22.0,Valorant Champions 2025,Champions
Verno,MIBR,199.3,1.15,129.3,25.0,Valorant Champions 2025,Champions
ZmjjKK,EDG,237.4,1.08,143.5,24.0,Valorant Champions 2025,Champions
iZu,T1,212.2,1.09,124.8,26.0,Valorant Champions 2025,Champions
Meteor,T1,219.0,0.96,144.2,36.0,Valorant Champions 2025,Champions
Flashback,DRX,223.2,1.12,144.3,24.0,Valorant Champions 2025,Champions
valyn,G2,192.3,0.97,124.1,26.0,Valorant Champions 2025,Champions
f0rsakeN,PRX,213.1,1.04,135.5,31.0,Valorant Champions 2025,Champions
Wo0t,TH,209.9,1.05,138.2,30.0,Valorant Champions 2025,Champions
happywei,XLG,216.4,1.06,145.8,39.0,Valorant Champions 2025,Champions
HYUNMIN,DRX,212.7,1.11,141.3,40.0,Valorant Champions 2025,Champions
nAts,TL,194.4,1.06,126.7,26.0,Valorant Champions 2025,Champions
MaKo,DRX,171.7,1.02,108.9,25.0,Valorant Champions 2025,Champions
d4v41,PRX,186.9,1.03,127.3,27.0,Valorant Champions 2025,Champions
Viva,XLG,166.6,0.96,119.6,34.0,Valorant Champions 2025,Champions
westside,GX,187.1,1.0,121.3,41.0,Valorant Champions 2025,Champions
mada,NRG,214.2,1.06,137.2,26.0,Valorant Champions 2025,Champions
crashies,FNC,179.5,0.97,120.3,31.0,Valorant Champions 2025,Champions
keiko,TL,200.3,0.94,131.0,35.0,Valorant Champions 2025,Champions
Demon1,DRG,174.8,1.02,117.0,38.0,Valorant Champions 2025,Champions
nobody,EDG,171.0,0.97,115.2,30.0,Valorant Champions 2025,Champions
s0m,NRG,197.2,0.97,124.2,24.0,Valorant Champions 2025,Champions
artzin,MIBR,202.1,1.05,127.0,24.0,Valorant Champions 2025,Champions
DH,T1,186.0,0.9,122.4,34.0,Valorant Champions 2025,Champions
trent,G2,173.5,0.98,117.6,31.0,Valorant Champions 2025,Champions
zekken,SEN,229.3,0.94,157.7,26.0,Valorant Champions 2025,Champions
Ethan,NRG,175.8,0.93,115.1,24.0,Valorant Champions 2025,Champions
ara,GX,198.7,1.01,133.8,29.0,Valorant Champions 2025,Champions
Jemkin,RRQ,215.7,1.06,132.8,35.0,Valorant Champions 2025,Champions
BeYN,DRX,170.9,0.98,114.5,28.0,Valorant Champions 2025,Champions
xenom,MIBR,155.1,0.95,96.1,24.0,Valorant Champions 2025,Champions
Rarga,XLG,208.6,0.98,129.8,34.0,Valorant Champions 2025,Champions
N4RRATE,SEN,190.2,0.87,121.2,26.0,Valorant Champions 2025,Champions
doma,FNC,167.3,0.9,119.8,29.0,Valorant Champions 2025,Champions
nephh,BLG,164.0,0.88,104.8,20.0,Valorant Champions 2025,Champions
Levius,BLG,188.0,0.99,122.1,30.0,Valorant Champions 2025,Champions
MiniBoo,TH,204.4,0.95,134.9,26.0,Valorant Champions 2025,Champions
kamo,TL,190.3,0.94,128.4,32.0,Valorant Champions 2025,Champions
Flickless,GX,173.7,0.83,115.8,26.0,Valorant Champions 2025,Champions
Monyet,RRQ,174.9,0.88,109.6,28.0,Valorant Champions 2025,Champions
Kushy,RRQ,178.9,0.85,120.7,40.0,Valorant Champions 2025,Champions
Nicc,DRG,173.5,0.94,121.7,34.0,Valorant Champions 2025,Champions
JonahP,G2,172.8,0.84,108.3,19.0,Valorant Champions 2025,Champions
benjyfishy,TH,175.1,0.83,115.0,27.0,Valorant Champions 2025,Champions
Boaster,FNC,145.2,0.77,94.0,22.0,Valorant Champions 2025,Champions
CHICHOO,EDG,158.2,0.9,113.5,21.0,Valorant Champions 2025,Champions
Boo,TH,143.7,0.74,93.1,31.0,Valorant Champions 2025,Champions
trexx,TL,160.1,0.73,109.7,20.0,Valorant Champions 2025,Champions
free1ng,DRX,160.4,0.88,107.1,35.0,Valorant Champions 2025,Champions
xffero,RRQ,172.0,0.88,113.5,27.0,Valorant Champions 2025,Champions
BuZz,T1,190.3,0.92,127.4,25.0,Valorant Champions 2025,Champions
Flex1n,DRG,184.8,0.85,119.0,29.0,Valorant Champions 2025,Champions
Akeman,DRG,196.8,0.88,124.4,25.0,Valorant Champions 2025,Champions
PatMen,PRX,157.8,0.83,106.5,31.0,Valorant Champions 2025,Champions
grubinho,GX,169.1,0.8,108.0,29.0,Valorant Champions 2025,Champions
crazyguy,RRQ,152.0,0.71,109.8,24.0,Valorant Champions 2025,Champions
Jieni7,EDG,191.8,0.83,117.9,26.0,Valorant Champions 2025,Champions
paTiTek,TL,156.9,0.74,101.1,27.0,Valorant Champions 2025,Champions
Zellsis,SEN,152.3,0.77,99.7,20.0,Valorant Champions 2025,Champions
bang,SEN,140.8,0.79,92.4,35.0,Valorant Champions 2025,Champions
coconut,XLG,149.6,0.71,92.6,30.0,Valorant Champions 2025,Champions
stax,T1,146.5,0.69,98.8,38.0,Valorant Champions 2025,Champions
rushia,BLG,147.6,0.59,102.3,19.0,Valorant Champions 2025,Champions
whzy,BLG,154.4,0.61,101.9,31.0,Valorant Champions 2025,Champions
OXY,C9,254.6,1.25,160.0,27.0,VCT 2025: Americas Stage 2,Americas
valyn,G2,213.7,1.23,135.6,27.0,VCT 2025: Americas Stage 2,Americas
N4RRATE,SEN,225.2,1.17,144.0,26.0,VCT 2025: Americas Stage 2,Americas
Cryocells,100T,221.0,1.23,145.9,30.0,VCT 2025: Americas Stage 2,Americas
JonahP,G2,206.4,1.2,129.3,23.0,VCT 2025: Americas Stage 2,Americas
brawk,NRG,213.7,1.15,139.2,19.0,VCT 2025: Americas Stage 2,Americas
Sato,LEV,254.0,1.2,163.7,33.0,VCT 2025: Americas Stage 2,Americas
aspas,MIBR,227.4,1.22,147.3,26.0,VCT 2025: Americas Stage 2,Americas
keznit,KRÜ,234.1,1.15,151.3,23.0,VCT 2025: Americas Stage 2,Americas
johnqt,SEN,184.2,1.18,119.8,25.0,VCT 2025: Americas Stage 2,Americas
zekken,SEN,234.0,1.18,148.9,24.0,VCT 2025: Americas Stage 2,Americas
trent,G2,192.1,1.14,126.1,26.0,VCT 2025: Americas Stage 2,Americas
kiNgg,LEV,194.4,1.04,126.4,27.0,VCT 2025: Americas Stage 2,Americas
leaf,G2,211.4,1.11,139.5,26.0,VCT 2025: Americas Stage 2,Americas
skuba,NRG,189.8,1.14,126.7,25.0,VCT 2025: Americas Stage 2,Americas
Derrek,EG,210.1,1.0,147.9,31.0,VCT 2025: Americas Stage 2,Americas
silentzz,2G,198.5,1.14,134.6,37.0,VCT 2025: Americas Stage 2,Americas
eeiu,100T,194.4,1.11,127.9,31.0,VCT 2025: Americas Stage 2,Americas
cortezia,MIBR,202.7,1.11,138.9,33.0,VCT 2025: Americas Stage 2,Americas
v1c,C9,199.9,1.08,129.4,30.0,VCT 2025: Americas Stage 2,Americas
jawgemo,G2,227.5,1.14,142.2,23.0,VCT 2025: Americas Stage 2,Americas
bang,SEN,194.6,1.09,118.8,29.0,VCT 2025: Americas Stage 2,Americas
s0m,NRG,197.0,1.03,128.5,26.0,VCT 2025: Americas Stage 2,Americas
mada,NRG,222.9,1.11,142.0,26.0,VCT 2025: Americas Stage 2,Americas
lukxo,LOUD,211.4,1.06,139.5,34.0,VCT 2025: Americas Stage 2,Americas
BABYBAY,G2,197.5,1.09,128.7,22.0,VCT 2025: Americas Stage 2,Americas
Okeanos,LEV,200.8,1.02,132.7,33.0,VCT 2025: Americas Stage 2,Americas
Ethan,NRG,195.0,0.96,124.1,23.0,VCT 2025: Americas Stage 2,Americas
Asuna,100T,207.3,1.0,135.4,21.0,VCT 2025: Americas Stage 2,Americas
Virtyy,LOUD,214.0,1.03,133.2,25.0,VCT 2025: Americas Stage 2,Americas
Zellsis,SEN,190.0,1.04,122.4,22.0,VCT 2025: Americas Stage 2,Americas
spike,2G,232.5,1.03,149.2,25.0,VCT 2025: Americas Stage 2,Americas
Xeppaa,C9,200.7,0.99,132.4,23.0,VCT 2025: Americas Stage 2,Americas
Shyy,KRÜ,182.9,0.96,123.6,30.0,VCT 2025: Americas Stage 2,Americas
C0M,LEV,170.5,0.93,117.9,27.0,VCT 2025: Americas Stage 2,Americas
zander,100T,198.4,0.98,128.2,26.0,VCT 2025: Americas Stage 2,Americas
Mazino,KRÜ,191.1,0.94,126.9,24.0,VCT 2025: Americas Stage 2,Americas
yay,EG,217.7,0.98,142.2,29.0,VCT 2025: Americas Stage 2,Americas
xenom,MIBR,168.5,0.92,110.9,35.0,VCT 2025: Americas Stage 2,Americas
Melser,KRÜ,159.2,0.9,104.4,26.0,VCT 2025: Americas Stage 2,Americas
mitch,C9,175.4,0.87,115.5,19.0,VCT 2025: Americas Stage 2,Americas
cauanzin,LOUD,193.8,0.91,125.7,25.0,VCT 2025: Americas Stage 2,Americas
pryze,2G,178.6,0.8,124.0,22.0,VCT 2025: Americas Stage 2,Americas
Kess,100T,173.1,0.88,112.9,28.0,VCT 2025: Americas Stage 2,Americas
neT,C9,164.1,0.91,108.1,31.0,VCT 2025: Americas Stage 2,Americas
NaturE,EG,180.3,0.8,113.4,21.0,VCT 2025: Americas Stage 2,Americas
pANcada,LOUD,164.1,0.81,111.9,38.0,VCT 2025: Americas Stage 2,Americas
Dantedeu5,KRÜ,187.8,0.87,122.3,25.0,VCT 2025: Americas Stage 2,Americas
heat,FUR,185.1,0.77,123.5,30.0,VCT 2025: Americas Stage 2,Americas
lz,2G,160.9,0.79,103.0,40.0,VCT 2025: Americas Stage 2,Americas
adverso,FUR,188.3,0.76,125.4,20.0,VCT 2025: Americas Stage 2,Americas
icy,EG,167.5,0.82,112.4,28.0,VCT 2025: Americas Stage 2,Americas
tex,LEV,162.1,0.85,107.5,32.0,VCT 2025: Americas Stage 2,Americas
supamen,EG,154.5,0.78,102.1,35.0,VCT 2025: Americas Stage 2,Americas
artzin,MIBR,179.8,0.85,119.1,22.0,VCT 2025: Americas Stage 2,Americas
gobera,2G,156.7,0.72,101.4,27.0,VCT 2025: Americas Stage 2,Americas
RobbieBk,LOUD,149.0,0.73,103.3,35.0,VCT 2025: Americas Stage 2,Americas
Palla,FUR,199.0,0.75,130.5,30.0,VCT 2025: Americas Stage 2,Americas
tuyz,FUR,135.7,0.61,93.5,28.0,VCT 2025: Americas Stage 2,Americas
Verno,MIBR,140.5,0.64,96.1,27.0,VCT 2025: Americas Stage 2,Americas
Urango,FUR,139.9,0.55,94.4,31.0,VCT 2025: Americas Stage 2,Americas
Ruxic,NAVI,246.4,1.36,159.4,31.0,VCT 2025: EMEA Stage 2,EMEA
keiko,TL,233.4,1.33,148.6,32.0,VCT 2025: EMEA Stage 2,EMEA
SUYGETSU,KC,214.6,1.2,139.4,41.0,VCT 2025: EMEA Stage 2,EMEA
nAts,TL,231.4,1.19,152.3,25.0,VCT 2025: EMEA Stage 2,EMEA
RieNs,TH,226.8,1.15,155.8,35.0,VCT 2025: EMEA Stage 2,EMEA
hiro,NAVI,220.1,1.19,149.6,35.0,VCT 2025: EMEA Stage 2,EMEA
Wo0t,TH,227.3,1.18,149.4,38.0,VCT 2025: EMEA Stage 2,EMEA
Derke,VIT,244.5,1.12,162.1,26.0,VCT 2025: EMEA Stage 2,EMEA
Less,VIT,205.9,1.17,132.9,32.0,VCT 2025: EMEA Stage 2,EMEA
Sayf,VIT,176.0,0.93,123.0,37.0,VCT 2025: EMEA Stage 2,EMEA
kaajak,FNC,235.9,1.14,150.8,35.0,VCT 2025: EMEA Stage 2,EMEA
trexx,TL,203.5,1.07,130.1,20.0,VCT 2025: EMEA Stage 2,EMEA
Avez,KC,223.1,1.12,144.3,32.0,VCT 2025: EMEA Stage 2,EMEA
Alfajer,FNC,221.9,1.15,148.6,36.0,VCT 2025: EMEA Stage 2,EMEA
ara,GX,216.7,1.12,140.3,26.0,VCT 2025: EMEA Stage 2,EMEA
crashies,FNC,191.5,1.03,133.5,33.0,VCT 2025: EMEA Stage 2,EMEA
cNed,FUT,215.8,1.05,138.6,33.0,VCT 2025: EMEA Stage 2,EMEA
PROFEK,BBL,191.5,1.03,130.1,26.0,VCT 2025: EMEA Stage 2,EMEA
marteen,KC,215.9,1.09,138.7,34.0,VCT 2025: EMEA Stage 2,EMEA
grubinho,GX,202.2,1.01,132.1,29.0,VCT 2025: EMEA Stage 2,EMEA
westside,GX,196.1,1.07,130.2,44.0,VCT 2025: EMEA Stage 2,EMEA
yetujey,FUT,202.6,1.02,137.9,27.0,VCT 2025: EMEA Stage 2,EMEA
Chronicle,FNC,206.2,1.02,139.7,27.0,VCT 2025: EMEA Stage 2,EMEA
paTiTek,TL,185.9,1.04,122.4,25.0,VCT 2025: EMEA Stage 2,EMEA
Minny,M8,199.1,0.99,135.5,36.0,VCT 2025: EMEA Stage 2,EMEA
MiniBoo,TH,223.9,1.06,145.6,31.0,VCT 2025: EMEA Stage 2,EMEA
alexiiik,NAVI,210.5,1.08,136.7,26.0,VCT 2025: EMEA Stage 2,EMEA
ComeBack,M8,219.6,1.06,140.2,33.0,VCT 2025: EMEA Stage 2,EMEA
MAGNUM,BBL,197.5,1.01,127.1,30.0,VCT 2025: EMEA Stage 2,EMEA
Shao,NAVI,181.2,0.97,118.4,32.0,VCT 2025: EMEA Stage 2,EMEA
Flickless,GX,192.2,0.93,124.7,25.0,VCT 2025: EMEA Stage 2,EMEA
baddyG,MKOI,192.0,0.95,122.0,24.0,VCT 2025: EMEA Stage 2,EMEA
benjyfishy,TH,199.1,1.02,127.7,37.0,VCT 2025: EMEA Stage 2,EMEA
penny,APK,200.9,1.02,133.6,21.0,VCT 2025: EMEA Stage 2,EMEA
Elite,KC,189.5,1.0,127.5,41.0,VCT 2025: EMEA Stage 2,EMEA
kamo,TL,211.5,1.03,137.6,26.0,VCT 2025: EMEA Stage 2,EMEA
LewN,BBL,215.0,1.03,141.1,30.0,VCT 2025: EMEA Stage 2,EMEA
MONSTEERR,MKOI,196.4,0.98,132.4,28.0,VCT 2025: EMEA Stage 2,EMEA
Veqaj,M8,195.6,0.95,136.2,27.0,VCT 2025: EMEA Stage 2,EMEA
Jamppi,BBL,186.4,0.95,122.0,27.0,VCT 2025: EMEA Stage 2,EMEA
kamyk,M8,193.6,0.98,123.1,34.0,VCT 2025: EMEA Stage 2,EMEA
qRaxs,FUT,181.6,0.81,114.7,36.0,VCT 2025: EMEA Stage 2,EMEA
Cloud,GX,180.8,0.91,123.8,30.0,VCT 2025: EMEA Stage 2,EMEA
sociablEE,BBL,197.9,0.95,130.5,31.0,VCT 2025: EMEA Stage 2,EMEA
MOLSI,APK,187.4,0.82,127.9,27.0,VCT 2025: EMEA Stage 2,EMEA
KovaQ,VIT,198.6,0.97,123.8,33.0,VCT 2025: EMEA Stage 2,EMEA
OLIZERA,APK,194.5,0.93,127.1,28.0,VCT 2025: EMEA Stage 2,EMEA
Boo,TH,153.9,0.81,99.3,30.0,VCT 2025: EMEA Stage 2,EMEA
xeus,FUT,210.3,0.91,132.0,29.0,VCT 2025: EMEA Stage 2,EMEA
Kicks,VIT,166.3,0.79,109.7,29.0,VCT 2025: EMEA Stage 2,EMEA
UNFAKE,VIT,186.1,0.89,120.6,38.0,VCT 2025: EMEA Stage 2,EMEA
flyuh,MKOI,185.9,0.85,127.6,26.0,VCT 2025: EMEA Stage 2,EMEA
MrFaliN,FUT,168.6,0.77,111.4,24.0,VCT 2025: EMEA Stage 2,EMEA
batujnax,APK,178.5,0.82,117.7,28.0,VCT 2025: EMEA Stage 2,EMEA
Filu,MKOI,199.7,0.84,131.7,27.0,VCT 2025: EMEA Stage 2,EMEA
Proxh,M8,161.7,0.78,107.0,25.0,VCT 2025: EMEA Stage 2,EMEA
nataNk,MKOI,172.5,0.83,117.4,27.0,VCT 2025: EMEA Stage 2,EMEA
saadhak,KC,164.1,0.76,109.9,30.0,VCT 2025: EMEA Stage 2,EMEA
AvovA,APK,146.7,0.73,97.7,31.0,VCT 2025: EMEA Stage 2,EMEA
pyrolll,KC,146.8,0.77,100.6,36.0,VCT 2025: EMEA Stage 2,EMEA
Boaster,FNC,141.8,0.74,94.3,30.0,VCT 2025: EMEA Stage 2,EMEA
ANGE1,NAVI,155.7,0.73,104.8,31.0,VCT 2025: EMEA Stage 2,EMEA
Meiy,DFM,266.2,1.35,167.2,29.0,VCT 2025: Pacific Stage 2,Pacific
something,PRX,230.4,1.38,149.3,26.0,VCT 2025: Pacific Stage 2,Pacific
Jinggg,PRX,237.1,1.19,154.3,24.0,VCT 2025: Pacific Stage 2,Pacific
HYUNMIN,DRX,242.8,1.15,157.6,28.0,VCT 2025: Pacific Stage 2,Pacific
Jemkin,RRQ,227.6,1.24,141.9,35.0,VCT 2025: Pacific Stage 2,Pacific
DH,T1,196.8,1.07,127.7,38.0,VCT 2025: Pacific Stage 2,Pacific
primmie,TLN,216.7,1.19,136.5,39.0,VCT 2025: Pacific Stage 2,Pacific
d4v41,PRX,199.2,1.16,137.4,25.0,VCT 2025: Pacific Stage 2,Pacific
Dep,ZETA,218.8,1.07,141.8,33.0,VCT 2025: Pacific Stage 2,Pacific
Karon,GEN,197.5,1.05,124.5,35.0,VCT 2025: Pacific Stage 2,Pacific
f0rsakeN,PRX,213.7,1.12,139.7,31.0,VCT 2025: Pacific Stage 2,Pacific
xffero,RRQ,190.9,1.11,125.6,29.0,VCT 2025: Pacific Stage 2,Pacific
dos9,BME,204.6,1.06,126.0,29.0,VCT 2025: Pacific Stage 2,Pacific
Dambi,NS,228.9,1.09,141.2,24.0,VCT 2025: Pacific Stage 2,Pacific
Flashback,DRX,203.6,1.16,134.8,33.0,VCT 2025: Pacific Stage 2,Pacific
Monyet,RRQ,220.5,1.08,141.3,28.0,VCT 2025: Pacific Stage 2,Pacific
MaKo,DRX,197.9,1.03,128.4,27.0,VCT 2025: Pacific Stage 2,Pacific
SugarZ3ro,ZETA,204.4,0.99,132.2,31.0,VCT 2025: Pacific Stage 2,Pacific
Ash,GEN,185.3,1.1,121.1,29.0,VCT 2025: Pacific Stage 2,Pacific
Persia,NS,184.2,1.04,116.4,29.0,VCT 2025: Pacific Stage 2,Pacific
Meteor,T1,222.0,1.06,141.6,29.0,VCT 2025: Pacific Stage 2,Pacific
UdoTan,GE,234.5,1.1,152.5,22.0,VCT 2025: Pacific Stage 2,Pacific
gyen,DFM,190.1,1.03,123.6,34.0,VCT 2025: Pacific Stage 2,Pacific
invy,TS,203.9,0.94,136.5,30.0,VCT 2025: Pacific Stage 2,Pacific
Kr1stal,GE,198.3,0.94,130.4,28.0,VCT 2025: Pacific Stage 2,Pacific
Killua,TLN,199.9,1.05,133.7,41.0,VCT 2025: Pacific Stage 2,Pacific
Francis,NS,199.3,0.99,129.4,26.0,VCT 2025: Pacific Stage 2,Pacific
thyy,TLN,222.4,1.07,140.4,30.0,VCT 2025: Pacific Stage 2,Pacific
t3xture,GEN,215.4,1.05,138.0,26.0,VCT 2025: Pacific Stage 2,Pacific
Foxy9,GEN,187.1,1.05,124.9,33.0,VCT 2025: Pacific Stage 2,Pacific
Xdll,ZETA,186.2,0.95,122.1,34.0,VCT 2025: Pacific Stage 2,Pacific
n1zzy,TS,189.6,0.91,130.2,39.0,VCT 2025: Pacific Stage 2,Pacific
Rb,NS,187.0,0.97,125.5,28.0,VCT 2025: Pacific Stage 2,Pacific
JitBoyS,TLN,184.7,1.0,118.7,35.0,VCT 2025: Pacific Stage 2,Pacific
BuZz,T1,201.6,1.02,129.4,22.0,VCT 2025: Pacific Stage 2,Pacific
free1ng,DRX,185.4,0.96,120.6,35.0,VCT 2025: Pacific Stage 2,Pacific
Jinboong,DFM,186.9,0.95,122.3,33.0,VCT 2025: Pacific Stage 2,Pacific
ban,GE,205.8,0.98,135.0,30.0,VCT 2025: Pacific Stage 2,Pacific
Ivy,NS,178.9,0.96,114.7,28.0,VCT 2025: Pacific Stage 2,Pacific
Munchkin,GEN,200.9,0.97,129.4,23.0,VCT 2025: Pacific Stage 2,Pacific
crazyguy,RRQ,176.9,0.89,115.9,28.0,VCT 2025: Pacific Stage 2,Pacific
PatMen,PRX,172.0,0.95,116.4,31.0,VCT 2025: Pacific Stage 2,Pacific
iZu,T1,212.4,0.98,136.6,25.0,VCT 2025: Pacific Stage 2,Pacific
Akame,DFM,203.5,0.93,133.2,29.0,VCT 2025: Pacific Stage 2,Pacific
BerserX,BME,186.5,0.94,118.3,23.0,VCT 2025: Pacific Stage 2,Pacific
Shiro,BME,187.5,0.86,127.3,25.0,VCT 2025: Pacific Stage 2,Pacific
Crws,TLN,164.6,0.86,109.9,24.0,VCT 2025: Pacific Stage 2,Pacific
kellyS,TS,187.2,0.83,125.6,19.0,VCT 2025: Pacific Stage 2,Pacific
Kushy,RRQ,168.8,0.85,111.9,32.0,VCT 2025: Pacific Stage 2,Pacific
Papi,GE,170.8,0.86,113.6,27.0,VCT 2025: Pacific Stage 2,Pacific
stax,T1,158.6,0.84,107.9,29.0,VCT 2025: Pacific Stage 2,Pacific
CLZ,ZETA,161.3,0.81,108.3,35.0,VCT 2025: Pacific Stage 2,Pacific
TenTen,ZETA,194.9,0.85,130.8,17.0,VCT 2025: Pacific Stage 2,Pacific
yoman,GE,157.9,0.8,104.0,27.0,VCT 2025: Pacific Stage 2,Pacific
Famouz,BME,197.4,0.84,126.7,18.0,VCT 2025: Pacific Stage 2,Pacific
Estrella,DRX,152.2,0.74,99.4,27.0,VCT 2025: Pacific Stage 2,Pacific
NcSlasher,BME,159.9,0.75,106.1,24.0,VCT 2025: Pacific Stage 2,Pacific
ZesBeeW,TS,151.4,0.72,101.2,24.0,VCT 2025: Pacific Stage 2,Pacific
Wild0reoo,TS,162.9,0.7,107.5,34.0,VCT 2025: Pacific Stage 2,Pacific
JessieVash,TS,141.7,0.7,103.7,32.0,VCT 2025: Pacific Stage 2,Pacific
SSeeS,DFM,122.5,0.64,81.5,25.0,VCT 2025: Pacific Stage 2,Pacific
stew,JDG,262.4,1.22,169.1,36.0,VCT 2025: China Stage 2,China
slowly,TYL,231.2,1.24,151.7,32.0,VCT 2025: China Stage 2,China
Ezeir,NOVA,226.1,1.1,143.0,20.0,VCT 2025: China Stage 2,China
whzy,BLG,251.8,1.24,160.4,29.0,VCT 2025: China Stage 2,China
rushia,BLG,213.2,1.15,138.7,23.0,VCT 2025: China Stage 2,China
happywei,XLG,248.8,1.23,161.9,29.0,VCT 2025: China Stage 2,China
Shr1mp,AG,205.9,1.14,135.5,26.0,VCT 2025: China Stage 2,China
nephh,BLG,199.2,1.08,125.1,21.0,VCT 2025: China Stage 2,China
Kai,TE,251.2,1.23,156.3,27.0,VCT 2025: China Stage 2,China
Life,FPX,229.6,1.17,146.8,30.0,VCT 2025: China Stage 2,China
Knight,BLG,204.3,1.18,129.6,27.0,VCT 2025: China Stage 2,China
vo0kashu,DRG,214.2,1.18,142.3,31.0,VCT 2025: China Stage 2,China
Rarga,XLG,228.5,1.09,153.0,34.0,VCT 2025: China Stage 2,China
Scales,TYL,220.4,1.12,138.9,36.0,VCT 2025: China Stage 2,China
ZmjjKK,EDG,238.3,1.12,151.2,23.0,VCT 2025: China Stage 2,China
K1ra,AG,210.4,1.1,136.0,26.0,VCT 2025: China Stage 2,China
AAAAY,FPX,183.3,1.06,125.9,41.0,VCT 2025: China Stage 2,China
Flex1n,DRG,190.5,1.03,118.7,28.0,VCT 2025: China Stage 2,China
MarT1n,TE,193.4,1.08,123.7,32.0,VCT 2025: China Stage 2,China
Autumn,FPX,195.7,1.02,132.2,31.0,VCT 2025: China Stage 2,China
yosemite,FPX,195.4,1.0,130.3,24.0,VCT 2025: China Stage 2,China
nobody,EDG,204.1,1.07,137.3,34.0,VCT 2025: China Stage 2,China
Jieni7,EDG,210.5,1.03,132.8,29.0,VCT 2025: China Stage 2,China
Viva,XLG,175.2,1.01,121.6,29.0,VCT 2025: China Stage 2,China
Nicc,DRG,191.3,0.98,130.8,35.0,VCT 2025: China Stage 2,China
NoMan,XLG,190.2,1.03,129.5,33.0,VCT 2025: China Stage 2,China
Smoggy,EDG,192.2,0.99,125.1,31.0,VCT 2025: China Stage 2,China
Spitfires,AG,226.3,1.11,141.7,28.0,VCT 2025: China Stage 2,China
Haodong,TEC,187.1,0.98,121.6,33.0,VCT 2025: China Stage 2,China
Spring,WOL,206.0,0.9,136.9,28.0,VCT 2025: China Stage 2,China
SpiritZ1,DRG,225.4,1.02,147.8,34.0,VCT 2025: China Stage 2,China
Abo,TEC,190.8,0.99,127.0,37.0,VCT 2025: China Stage 2,China
Coco,TEC,199.1,0.92,134.3,34.0,VCT 2025: China Stage 2,China
GuanG,NOVA,204.2,1.03,131.7,25.0,VCT 2025: China Stage 2,China
cb,NOVA,189.4,0.94,127.3,28.0,VCT 2025: China Stage 2,China
HanChe,AG,174.6,0.94,123.6,26.0,VCT 2025: China Stage 2,China
CHICHOO,EDG,176.2,0.99,118.5,28.0,VCT 2025: China Stage 2,China
BerLIN,FPX,166.9,0.85,106.9,28.0,VCT 2025: China Stage 2,China
Ninebody,TYL,200.5,0.99,131.3,28.0,VCT 2025: China Stage 2,China
lucas,TEC,182.8,0.91,121.4,28.0,VCT 2025: China Stage 2,China
Lysoar,WOL,200.4,0.95,130.4,27.0,VCT 2025: China Stage 2,China
FengF,TE,183.5,0.92,120.4,28.0,VCT 2025: China Stage 2,China
jkuro,JDG,183.1,0.91,116.3,32.0,VCT 2025: China Stage 2,China
coconut,XLG,166.1,0.91,112.2,28.0,VCT 2025: China Stage 2,China
sword9,TYL,171.1,0.92,115.9,26.0,VCT 2025: China Stage 2,China
Levius,BLG,176.9,0.91,119.3,24.0,VCT 2025: China Stage 2,China
LuoK1ng,TE,174.3,0.84,108.1,31.0,VCT 2025: China Stage 2,China
deLb,AG,178.0,0.97,112.4,36.0,VCT 2025: China Stage 2,China
SWERL,NOVA,197.1,0.94,131.9,27.0,VCT 2025: China Stage 2,China
Yoyo,TYL,185.2,0.88,125.5,27.0,VCT 2025: China Stage 2,China
SiuFatBB,WOL,148.9,0.75,103.4,29.0,VCT 2025: China Stage 2,China
monk,NOVA,167.7,0.72,108.4,24.0,VCT 2025: China Stage 2,China
Z1yan,JDG,181.0,0.88,114.8,36.0,VCT 2025: China Stage 2,China
Akeman,DRG,193.1,0.85,127.2,27.0,VCT 2025: China Stage 2,China
Babyblue,JDG,154.5,0.76,104.9,29.0,VCT 2025: China Stage 2,China
TvirusLuke,TEC,184.7,0.84,124.1,24.0,VCT 2025: China Stage 2,China
Biank,TE,162.1,0.73,109.9,21.0,VCT 2025: China Stage 2,China
Yuicaw,WOL,156.7,0.67,109.9,32.0,VCT 2025: China Stage 2,China
Juicy,WOL,174.8,0.78,112.3,24.0,VCT 2025: China Stage 2,China
kklin,JDG,162.5,0.73,110.0,28.0,VCT 2025: China Stage 2,China
zjc,EDG,158.8,0.68,101.6,37.0,VCT 2025: China Stage 2,China
o0o0o,NOVA,138.8,0.69,90.1,30.0,VCT 2025: China Stage 2,China
XiYiJi,AG,118.0,0.62,,,VCT 2025: China Stage 2,China
trent,G2,212.6,1.29,145.8,26.0,VCT 2025: Americas Stage 1,Americas
lukxo,LOUD,270.4,1.34,172.8,31.0,VCT 2025: Americas Stage 1,Americas
Cryocells,100T,235.4,1.31,157.9,27.0,VCT 2025: Americas Stage 1,Americas
aspas,MIBR,241.4,1.35,152.3,27.0,VCT 2025: Americas Stage 1,Americas
Verno,MIBR,201.0,1.26,136.7,25.0,VCT 2025: Americas Stage 1,Americas
johnqt,SEN,191.0,1.19,128.1,25.0,VCT 2025: Americas Stage 1,Americas
zekken,SEN,243.1,1.23,150.9,28.0,VCT 2025: Americas Stage 1,Americas
v1c,C9,203.4,1.14,129.9,34.0,VCT 2025: Americas Stage 1,Americas
pANcada,LOUD,214.9,1.14,147.9,32.0,VCT 2025: Americas Stage 1,Americas
leaf,G2,236.0,1.19,153.6,23.0,VCT 2025: Americas Stage 1,Americas
bang,SEN,212.7,1.18,131.9,35.0,VCT 2025: Americas Stage 1,Americas
mada,NRG,239.6,1.11,159.6,25.0,VCT 2025: Americas Stage 1,Americas
keznit,KRÜ,238.9,1.12,153.4,23.0,VCT 2025: Americas Stage 1,Americas
Shyy,KRÜ,190.3,1.2,130.2,25.0,VCT 2025: Americas Stage 1,Americas
s0m,NRG,202.8,1.08,136.3,30.0,VCT 2025: Americas Stage 1,Americas
eeiu,100T,189.8,1.03,128.0,30.0,VCT 2025: Americas Stage 1,Americas
Zap,2G,205.0,1.1,135.3,22.0,VCT 2025: Americas Stage 1,Americas
Ethan,NRG,200.4,1.01,128.3,22.0,VCT 2025: Americas Stage 1,Americas
N4RRATE,SEN,205.4,1.03,137.2,23.0,VCT 2025: Americas Stage 1,Americas
Xeppaa,C9,206.4,1.09,136.8,27.0,VCT 2025: Americas Stage 1,Americas
Demon1,LEV,209.2,1.06,139.4,38.0,VCT 2025: Americas Stage 1,Americas
valyn,G2,200.9,1.08,128.4,24.0,VCT 2025: Americas Stage 1,Americas
Mazino,KRÜ,212.8,1.01,138.9,27.0,VCT 2025: Americas Stage 1,Americas
jawgemo,G2,221.8,1.09,138.8,23.0,VCT 2025: Americas Stage 1,Americas
yay,EG,224.2,1.04,147.3,34.0,VCT 2025: Americas Stage 1,Americas
mitch,C9,188.4,0.95,127.5,22.0,VCT 2025: Americas Stage 1,Americas
zander,100T,185.1,0.93,121.1,23.0,VCT 2025: Americas Stage 1,Americas
supamen,EG,196.3,1.0,127.9,37.0,VCT 2025: Americas Stage 1,Americas
brawk,NRG,185.0,0.98,126.7,19.0,VCT 2025: Americas Stage 1,Americas
OXY,C9,236.4,1.01,150.8,27.0,VCT 2025: Americas Stage 1,Americas
xenom,MIBR,183.1,1.07,119.6,32.0,VCT 2025: Americas Stage 1,Americas
icy,EG,220.3,1.03,146.6,26.0,VCT 2025: Americas Stage 1,Americas
cortezia,MIBR,196.4,1.05,129.2,35.0,VCT 2025: Americas Stage 1,Americas
Derrek,EG,182.6,0.95,128.6,30.0,VCT 2025: Americas Stage 1,Americas
Melser,KRÜ,177.9,0.89,117.9,25.0,VCT 2025: Americas Stage 1,Americas
dgzin,LOUD,215.1,1.0,136.0,30.0,VCT 2025: Americas Stage 1,Americas
tex,LEV,198.5,0.98,132.1,38.0,VCT 2025: Americas Stage 1,Americas
lz,2G,193.4,0.96,120.4,40.0,VCT 2025: Americas Stage 1,Americas
C0M,LEV,170.4,0.86,117.9,25.0,VCT 2025: Americas Stage 1,Americas
Askia,2G,194.0,0.94,134.0,32.0,VCT 2025: Americas Stage 1,Americas
JonahP,G2,162.3,0.82,103.3,19.0,VCT 2025: Americas Stage 1,Americas
Asuna,100T,201.7,0.87,135.2,24.0,VCT 2025: Americas Stage 1,Americas
NaturE,EG,182.0,0.86,118.1,23.0,VCT 2025: Americas Stage 1,Americas
cauanzin,LOUD,178.3,0.87,122.2,23.0,VCT 2025: Americas Stage 1,Americas
kiNgg,LEV,189.1,0.89,123.0,28.0,VCT 2025: Americas Stage 1,Americas
pryze,FUR,168.3,0.83,114.6,27.0,VCT 2025: Americas Stage 1,Americas
tuyz,LOUD,161.1,0.85,110.7,30.0,VCT 2025: Americas Stage 1,Americas
adverso,KRÜ,166.8,0.82,116.8,20.0,VCT 2025: Americas Stage 1,Americas
Rossy,LEV,174.6,0.83,115.1,29.0,VCT 2025: Americas Stage 1,Americas
Khalil,FUR,175.8,0.84,116.4,27.0,VCT 2025: Americas Stage 1,Americas
Zellsis,SEN,173.3,0.87,114.5,24.0,VCT 2025: Americas Stage 1,Americas
gobera,2G,177.7,0.86,126.0,28.0,VCT 2025: Americas Stage 1,Americas
neT,C9,169.6,0.88,107.3,29.0,VCT 2025: Americas Stage 1,Americas
PxS,2G,164.4,0.75,105.9,28.0,VCT 2025: Americas Stage 1,Americas
silentzz,2G,188.5,0.82,127.2,37.0,VCT 2025: Americas Stage 1,Americas
artzin,MIBR,182.5,0.78,118.6,23.0,VCT 2025: Americas Stage 1,Americas
heat,FUR,166.4,0.81,116.2,41.0,VCT 2025: Americas Stage 1,Americas
FiNESSE,NRG,150.7,0.69,104.4,19.0,VCT 2025: Americas Stage 1,Americas
Boostio,100T,152.4,0.68,103.7,30.0,VCT 2025: Americas Stage 1,Americas
havoc,FUR,184.6,0.78,121.2,33.0,VCT 2025: Americas Stage 1,Americas
raafa,FUR,136.0,0.6,91.0,20.0,VCT 2025: Americas Stage 1,Americas
v1nny,LOUD,129.3,0.57,85.8,28.0,VCT 2025: Americas Stage 1,Americas
kaajak,FNC,249.9,1.38,160.6,30.0,VCT 2025: EMEA Stage 1,EMEA
marteen,KC,245.3,1.31,159.2,33.0,VCT 2025: EMEA Stage 1,EMEA
SUYGETSU,KC,195.3,1.2,129.7,41.0,VCT 2025: EMEA Stage 1,EMEA
sociablEE,BBL,212.6,1.22,142.4,26.0,VCT 2025: EMEA Stage 1,EMEA
MiniBoo,TH,241.0,1.2,151.3,34.0,VCT 2025: EMEA Stage 1,EMEA
keiko,TL,213.8,1.1,141.6,39.0,VCT 2025: EMEA Stage 1,EMEA
RieNs,TH,207.1,1.13,139.5,39.0,VCT 2025: EMEA Stage 1,EMEA
PROFEK,BBL,209.8,1.08,136.7,27.0,VCT 2025: EMEA Stage 1,EMEA
crashies,FNC,190.6,1.14,128.8,33.0,VCT 2025: EMEA Stage 1,EMEA
nAts,TL,216.0,1.15,141.8,26.0,VCT 2025: EMEA Stage 1,EMEA
Wo0t,TH,222.0,1.16,141.8,33.0,VCT 2025: EMEA Stage 1,EMEA
CyvOph,VIT,209.5,1.06,127.7,32.0,VCT 2025: EMEA Stage 1,EMEA
Shao,NAVI,194.7,1.07,133.7,33.0,VCT 2025: EMEA Stage 1,EMEA
florescent,APK,235.8,1.11,151.7,35.0,VCT 2025: EMEA Stage 1,EMEA
kamyk,M8,205.2,1.04,141.0,34.0,VCT 2025: EMEA Stage 1,EMEA
Ruxic,NAVI,210.4,1.05,136.6,32.0,VCT 2025: EMEA Stage 1,EMEA
Chronicle,FNC,203.8,1.1,131.1,23.0,VCT 2025: EMEA Stage 1,EMEA
MrFaliN,FUT,186.1,0.94,126.0,23.0,VCT 2025: EMEA Stage 1,EMEA
benjyfishy,TH,197.5,1.15,133.9,38.0,VCT 2025: EMEA Stage 1,EMEA
Minny,M8,190.7,1.02,131.3,35.0,VCT 2025: EMEA Stage 1,EMEA
ara,GX,229.8,1.09,146.7,24.0,VCT 2025: EMEA Stage 1,EMEA
Avez,KC,204.4,1.07,132.9,32.0,VCT 2025: EMEA Stage 1,EMEA
soulcas,MKOI,190.6,1.0,127.7,35.0,VCT 2025: EMEA Stage 1,EMEA
LewN,BBL,221.0,1.1,148.4,32.0,VCT 2025: EMEA Stage 1,EMEA
MAGNUM,BBL,197.1,1.05,127.4,23.0,VCT 2025: EMEA Stage 1,EMEA
yetujey,FUT,189.5,1.07,130.6,23.0,VCT 2025: EMEA Stage 1,EMEA
Cloud,GX,206.8,1.02,137.2,28.0,VCT 2025: EMEA Stage 1,EMEA
hiro,NAVI,202.9,1.08,135.7,31.0,VCT 2025: EMEA Stage 1,EMEA
xeus,FUT,233.0,1.08,144.6,39.0,VCT 2025: EMEA Stage 1,EMEA
Alfajer,FNC,213.4,1.08,142.7,30.0,VCT 2025: EMEA Stage 1,EMEA
MOLSI,APK,194.4,0.97,125.6,29.0,VCT 2025: EMEA Stage 1,EMEA
koalanoob,NAVI,210.3,1.0,133.8,21.0,VCT 2025: EMEA Stage 1,EMEA
AtaKaptan,FUT,184.9,0.89,120.7,31.0,VCT 2025: EMEA Stage 1,EMEA
Jamppi,BBL,180.8,0.96,115.1,23.0,VCT 2025: EMEA Stage 1,EMEA
westside,GX,192.2,0.99,124.3,42.0,VCT 2025: EMEA Stage 1,EMEA
Kicks,VIT,167.6,0.88,110.0,23.0,VCT 2025: EMEA Stage 1,EMEA
Boo,TH,163.9,0.92,103.6,33.0,VCT 2025: EMEA Stage 1,EMEA
Less,VIT,189.2,1.01,123.8,32.0,VCT 2025: EMEA Stage 1,EMEA
paTiTek,TL,176.3,0.93,116.7,25.0,VCT 2025: EMEA Stage 1,EMEA
Elite,KC,172.2,0.91,114.8,33.0,VCT 2025: EMEA Stage 1,EMEA
kamo,TL,209.3,1.01,135.3,30.0,VCT 2025: EMEA Stage 1,EMEA
Derke,VIT,208.5,0.92,133.4,23.0,VCT 2025: EMEA Stage 1,EMEA
Boaster,FNC,161.7,0.93,106.6,24.0,VCT 2025: EMEA Stage 1,EMEA
Filu,MKOI,206.9,0.94,130.2,26.0,VCT 2025: EMEA Stage 1,EMEA
Flickless,GX,172.4,0.9,116.5,33.0,VCT 2025: EMEA Stage 1,EMEA
Serial,TL,167.0,0.89,114.0,37.0,VCT 2025: EMEA Stage 1,EMEA
sheydos,MKOI,169.4,0.92,116.1,30.0,VCT 2025: EMEA Stage 1,EMEA
runneR,GX,173.7,0.79,120.4,24.0,VCT 2025: EMEA Stage 1,EMEA
qRaxs,FUT,171.8,0.88,113.8,26.0,VCT 2025: EMEA Stage 1,EMEA
Kada,M8,177.8,0.85,119.0,31.0,VCT 2025: EMEA Stage 1,EMEA
saadhak,KC,183.1,0.82,119.6,26.0,VCT 2025: EMEA Stage 1,EMEA
AvovA,APK,167.0,0.76,108.3,29.0,VCT 2025: EMEA Stage 1,EMEA
purp0,GX,173.1,0.78,115.6,35.0,VCT 2025: EMEA Stage 1,EMEA
batujnax,APK,187.8,0.86,122.1,27.0,VCT 2025: EMEA Stage 1,EMEA
Sayf,VIT,165.2,0.82,114.8,23.0,VCT 2025: EMEA Stage 1,EMEA
grubinho,MKOI,153.6,0.75,104.2,32.0,VCT 2025: EMEA Stage 1,EMEA
flyuh,MKOI,189.7,0.8,128.3,27.0,VCT 2025: EMEA Stage 1,EMEA
Zyppan,M8,150.5,0.74,108.9,27.0,VCT 2025: EMEA Stage 1,EMEA
ANGE1,NAVI,146.8,0.71,100.2,34.0,VCT 2025: EMEA Stage 1,EMEA
Click,M8,187.9,0.78,115.6,36.0,VCT 2025: EMEA Stage 1,EMEA
tomaszy,GX,146.0,0.61,99.3,33.0,VCT 2025: EMEA Stage 1,EMEA
Governor,APK,145.2,0.63,98.0,27.0,VCT 2025: EMEA Stage 1,EMEA
invy,TS,237.2,1.27,158.4,29.0,VCT 2025: Pacific Stage 1,Pacific
Jemkin,RRQ,253.9,1.3,161.3,38.0,VCT 2025: Pacific Stage 1,Pacific
dos9,BME,212.2,1.18,136.3,26.0,VCT 2025: Pacific Stage 1,Pacific
Jinggg,PRX,220.9,1.18,145.4,26.0,VCT 2025: Pacific Stage 1,Pacific
Foxy9,GEN,207.8,1.25,137.3,34.0,VCT 2025: Pacific Stage 1,Pacific
MaKo,DRX,209.2,1.14,135.8,26.0,VCT 2025: Pacific Stage 1,Pacific
HYUNMIN,DRX,238.3,1.2,152.0,30.0,VCT 2025: Pacific Stage 1,Pacific
Akame,DFM,212.9,1.01,142.8,32.0,VCT 2025: Pacific Stage 1,Pacific
primmie,TLN,229.8,1.2,148.8,34.0,VCT 2025: Pacific Stage 1,Pacific
f0rsakeN,PRX,226.1,1.18,142.9,29.0,VCT 2025: Pacific Stage 1,Pacific
t3xture,GEN,244.0,1.21,154.8,28.0,VCT 2025: Pacific Stage 1,Pacific
Flashback,DRX,215.6,1.29,139.4,24.0,VCT 2025: Pacific Stage 1,Pacific
Karon,GEN,207.7,1.1,134.3,31.0,VCT 2025: Pacific Stage 1,Pacific
Munchkin,GEN,198.8,1.05,130.3,24.0,VCT 2025: Pacific Stage 1,Pacific
margaret,NS,205.8,1.13,135.5,29.0,VCT 2025: Pacific Stage 1,Pacific
Kr1stal,GE,188.5,1.01,127.1,24.0,VCT 2025: Pacific Stage 1,Pacific
NcSlasher,BME,197.4,1.03,126.8,28.0,VCT 2025: Pacific Stage 1,Pacific
Francis,NS,198.8,1.03,130.8,21.0,VCT 2025: Pacific Stage 1,Pacific
UdoTan,GE,215.3,1.01,148.4,30.0,VCT 2025: Pacific Stage 1,Pacific
SugarZ3ro,ZETA,181.8,1.05,116.4,29.0,VCT 2025: Pacific Stage 1,Pacific
iZu,T1,195.8,1.05,126.2,30.0,VCT 2025: Pacific Stage 1,Pacific
something,PRX,197.8,1.03,127.4,26.0,VCT 2025: Pacific Stage 1,Pacific
BerserX,BME,196.0,1.05,127.7,25.0,VCT 2025: Pacific Stage 1,Pacific
Ivy,NS,172.2,1.01,112.7,30.0,VCT 2025: Pacific Stage 1,Pacific
Kushy,RRQ,193.0,0.99,131.2,32.0,VCT 2025: Pacific Stage 1,Pacific
PatMen,PRX,193.0,0.96,124.8,30.0,VCT 2025: Pacific Stage 1,Pacific
Ash,GEN,173.7,1.04,116.8,31.0,VCT 2025: Pacific Stage 1,Pacific
BeYN,DRX,178.2,0.96,117.6,25.0,VCT 2025: Pacific Stage 1,Pacific
Killua,TLN,187.5,0.98,126.7,34.0,VCT 2025: Pacific Stage 1,Pacific
JessieVash,TS,182.5,0.94,128.3,30.0,VCT 2025: Pacific Stage 1,Pacific
Persia,NS,173.8,0.92,113.1,26.0,VCT 2025: Pacific Stage 1,Pacific
Famouz,BME,228.3,1.08,146.7,21.0,VCT 2025: Pacific Stage 1,Pacific
d4v41,PRX,190.7,1.06,127.1,24.0,VCT 2025: Pacific Stage 1,Pacific
Meteor,T1,215.3,1.01,144.2,30.0,VCT 2025: Pacific Stage 1,Pacific
BuZz,T1,225.0,1.06,145.0,27.0,VCT 2025: Pacific Stage 1,Pacific
xffero,RRQ,183.8,1.03,126.3,26.0,VCT 2025: Pacific Stage 1,Pacific
free1ng,DRX,189.6,1.01,123.7,27.0,VCT 2025: Pacific Stage 1,Pacific
CLZ,ZETA,178.1,0.88,126.2,26.0,VCT 2025: Pacific Stage 1,Pacific
Dambi,NS,210.8,0.99,133.6,24.0,VCT 2025: Pacific Stage 1,Pacific
gyen,DFM,189.8,0.79,125.8,37.0,VCT 2025: Pacific Stage 1,Pacific
stax,T1,175.2,0.94,119.2,31.0,VCT 2025: Pacific Stage 1,Pacific
crazyguy,RRQ,181.8,0.92,121.2,24.0,VCT 2025: Pacific Stage 1,Pacific
Monyet,RRQ,181.1,0.93,119.7,28.0,VCT 2025: Pacific Stage 1,Pacific
TenTen,ZETA,216.4,0.96,135.5,16.0,VCT 2025: Pacific Stage 1,Pacific
Dep,ZETA,211.1,0.98,142.3,28.0,VCT 2025: Pacific Stage 1,Pacific
Shiro,BME,187.6,0.9,128.1,27.0,VCT 2025: Pacific Stage 1,Pacific
thyy,TLN,177.2,0.88,113.7,33.0,VCT 2025: Pacific Stage 1,Pacific
Sylvan,T1,179.2,0.86,120.5,25.0,VCT 2025: Pacific Stage 1,Pacific
JitBoyS,TLN,186.9,0.91,125.6,36.0,VCT 2025: Pacific Stage 1,Pacific
Meiy,DFM,190.3,0.89,123.9,28.0,VCT 2025: Pacific Stage 1,Pacific
Jremy,TS,201.0,0.91,131.7,26.0,VCT 2025: Pacific Stage 1,Pacific
Crws,TLN,174.2,0.87,119.8,25.0,VCT 2025: Pacific Stage 1,Pacific
Xdll,ZETA,200.5,0.88,129.1,35.0,VCT 2025: Pacific Stage 1,Pacific
kellyS,GE,182.4,0.81,119.7,21.0,VCT 2025: Pacific Stage 1,Pacific
mindfreak,PRX,165.2,0.83,114.1,30.0,VCT 2025: Pacific Stage 1,Pacific
Wild0reoo,TS,185.5,0.84,123.4,26.0,VCT 2025: Pacific Stage 1,Pacific
Estrella,DRX,161.7,0.84,103.9,25.0,VCT 2025: Pacific Stage 1,Pacific
2GE,TS,165.3,0.74,108.7,23.0,VCT 2025: Pacific Stage 1,Pacific
Deryeon,GE,207.5,0.74,132.3,25.0,VCT 2025: Pacific Stage 1,Pacific
Papi,GE,152.4,0.75,98.8,26.0,VCT 2025: Pacific Stage 1,Pacific
Jinboong,DFM,157.4,0.72,111.1,33.0,VCT 2025: Pacific Stage 1,Pacific
SyouTa,ZETA,162.8,0.77,108.1,35.0,VCT 2025: Pacific Stage 1,Pacific
Suggest,GEN,152.2,0.77,110.8,30.0,VCT 2025: Pacific Stage 1,Pacific
Art,DFM,135.7,0.52,92.8,21.0,VCT 2025: Pacific Stage 1,Pacific
yokam,GE,152.7,0.56,104.2,23.0,VCT 2025: Pacific Stage 1,Pacific
t3xture,GEN,258.2,1.44,159.5,28.0,Valorant Masters Toronto 2025,Masters
Spring,WOL,244.1,1.23,160.1,29.0,Valorant Masters Toronto 2025,Masters
Verno,MIBR,230.5,1.02,157.6,28.0,Valorant Masters Toronto 2025,Masters
Alfajer,FNC,257.9,1.3,167.6,32.0,Valorant Masters Toronto 2025,Masters
zekken,SEN,237.5,1.21,147.2,24.0,Valorant Masters Toronto 2025,Masters
trent,G2,214.2,1.22,138.0,35.0,Valorant Masters Toronto 2025,Masters
leaf,G2,230.3,1.21,148.6,24.0,Valorant Masters Toronto 2025,Masters
Chronicle,FNC,207.6,1.18,141.1,26.0,Valorant Masters Toronto 2025,Masters
whzy,BLG,253.1,1.21,155.5,28.0,Valorant Masters Toronto 2025,Masters
f0rsakeN,PRX,208.9,1.06,137.5,26.0,Valorant Masters Toronto 2025,Masters
Jinggg,PRX,229.1,1.15,151.9,23.0,Valorant Masters Toronto 2025,Masters
keiko,TL,199.3,1.17,132.9,45.0,Valorant Masters Toronto 2025,Masters
N4RRATE,SEN,219.5,1.06,140.1,24.0,Valorant Masters Toronto 2025,Masters
d4v41,PRX,189.4,1.12,131.7,26.0,Valorant Masters Toronto 2025,Masters
happywei,XLG,223.0,0.97,147.0,45.0,Valorant Masters Toronto 2025,Masters
kaajak,FNC,218.3,1.13,141.5,35.0,Valorant Masters Toronto 2025,Masters
rushia,BLG,201.9,0.99,130.6,27.0,Valorant Masters Toronto 2025,Masters
Karon,GEN,189.3,1.09,125.6,31.0,Valorant Masters Toronto 2025,Masters
crashies,FNC,181.8,1.07,126.4,34.0,Valorant Masters Toronto 2025,Masters
Ash,GEN,173.9,1.05,118.3,31.0,Valorant Masters Toronto 2025,Masters
PatMen,PRX,193.0,1.02,124.2,31.0,Valorant Masters Toronto 2025,Masters
penny,TL,188.4,0.98,131.3,20.0,Valorant Masters Toronto 2025,Masters
Munchkin,GEN,207.8,1.02,134.1,22.0,Valorant Masters Toronto 2025,Masters
bang,SEN,188.1,0.99,112.5,34.0,Valorant Masters Toronto 2025,Masters
johnqt,SEN,166.3,0.94,109.7,26.0,Valorant Masters Toronto 2025,Masters
Zellsis,SEN,173.6,0.95,118.2,21.0,Valorant Masters Toronto 2025,Masters
jawgemo,G2,217.1,1.0,143.7,23.0,Valorant Masters Toronto 2025,Masters
Monyet,RRQ,196.4,0.89,130.3,26.0,Valorant Masters Toronto 2025,Masters
something,PRX,192.2,1.0,123.9,25.0,Valorant Masters Toronto 2025,Masters
kamo,TL,210.8,0.99,141.9,35.0,Valorant Masters Toronto 2025,Masters
Juicy,WOL,212.0,1.0,139.5,25.0,Valorant Masters Toronto 2025,Masters
Wo0t,TH,183.0,0.86,118.9,34.0,Valorant Masters Toronto 2025,Masters
nephh,BLG,178.6,0.87,117.9,22.0,Valorant Masters Toronto 2025,Masters
valyn,G2,172.1,0.86,109.6,22.0,Valorant Masters Toronto 2025,Masters
JonahP,G2,178.8,0.9,113.2,24.0,Valorant Masters Toronto 2025,Masters
Lysoar,WOL,174.5,0.88,112.1,25.0,Valorant Masters Toronto 2025,Masters
SiuFatBB,WOL,151.1,0.88,99.9,28.0,Valorant Masters Toronto 2025,Masters
paTiTek,TL,183.1,0.88,117.7,27.0,Valorant Masters Toronto 2025,Masters
Levius,BLG,158.1,0.94,111.4,23.0,Valorant Masters Toronto 2025,Masters
xffero,RRQ,175.2,0.89,118.8,32.0,Valorant Masters Toronto 2025,Masters
Yuicaw,WOL,175.0,0.89,117.3,27.0,Valorant Masters Toronto 2025,Masters
Foxy9,GEN,179.2,0.98,111.6,32.0,Valorant Masters Toronto 2025,Masters
Kushy,RRQ,174.0,0.86,114.0,39.0,Valorant Masters Toronto 2025,Masters
nAts,TL,186.0,0.88,121.2,28.0,Valorant Masters Toronto 2025,Masters
Rarga,XLG,217.0,0.88,136.1,41.0,Valorant Masters Toronto 2025,Masters
RieNs,TH,191.5,0.84,125.0,28.0,Valorant Masters Toronto 2025,Masters
benjyfishy,TH,178.8,0.85,119.9,30.0,Valorant Masters Toronto 2025,Masters
Jemkin,RRQ,196.8,0.88,138.2,33.0,Valorant Masters Toronto 2025,Masters
Boaster,FNC,143.4,0.76,94.4,25.0,Valorant Masters Toronto 2025,Masters
Knight,BLG,149.1,0.81,105.0,26.0,Valorant Masters Toronto 2025,Masters
Serial,TL,155.2,0.84,103.1,45.0,Valorant Masters Toronto 2025,Masters
Boo,TH,139.5,0.7,86.7,38.0,Valorant Masters Toronto 2025,Masters
crazyguy,RRQ,144.2,0.65,90.7,25.0,Valorant Masters Toronto 2025,Masters
MiniBoo,TH,167.5,0.81,105.6,31.0,Valorant Masters Toronto 2025,Masters
xenom,MIBR,148.3,0.65,101.7,35.0,Valorant Masters Toronto 2025,Masters
cortezia,MIBR,164.0,0.66,115.2,33.0,Valorant Masters Toronto 2025,Masters
Viva,XLG,147.0,0.51,107.6,27.0,Valorant Masters Toronto 2025,Masters
coconut,XLG,128.3,0.57,82.6,26.0,Valorant Masters Toronto 2025,Masters
Midi,XLG,132.0,0.58,88.8,34.0,Valorant Masters Toronto 2025,Masters
aspas,MIBR,129.8,0.53,88.8,18.0,Valorant Masters Toronto 2025,Masters
artzin,MIBR,121.5,0.52,86.3,26.0,Valorant Masters Toronto 2025,Masters
CHICHOO,EDG,235.6,1.27,158.1,28.0,Valorant Masters Bangkok 2025,Masters
nAts,TL,257.6,1.32,155.1,26.0,Valorant Masters Bangkok 2025,Masters
trent,G2,220.0,1.21,146.9,25.0,Valorant Masters Bangkok 2025,Masters
Derke,VIT,257.2,1.2,166.8,22.0,Valorant Masters Bangkok 2025,Masters
iZu,T1,207.1,1.24,130.6,30.0,Valorant Masters Bangkok 2025,Masters
free1ng,DRX,227.3,1.16,146.9,29.0,Valorant Masters Bangkok 2025,Masters
keiko,TL,198.9,1.09,137.7,30.0,Valorant Masters Bangkok 2025,Masters
trexx,VIT,207.3,1.02,134.3,19.0,Valorant Masters Bangkok 2025,Masters
BeYN,DRX,182.4,1.03,117.3,25.0,Valorant Masters Bangkok 2025,Masters
BuZz,T1,239.5,1.12,150.4,17.0,Valorant Masters Bangkok 2025,Masters
valyn,G2,186.8,1.06,122.1,23.0,Valorant Masters Bangkok 2025,Masters
leaf,G2,207.3,1.09,137.5,24.0,Valorant Masters Bangkok 2025,Masters
N4RRATE,SEN,202.4,0.97,148.4,27.0,Valorant Masters Bangkok 2025,Masters
Meteor,T1,229.0,1.09,152.8,33.0,Valorant Masters Bangkok 2025,Masters
Less,VIT,197.1,1.03,128.8,29.0,Valorant Masters Bangkok 2025,Masters
jawgemo,G2,218.5,1.06,142.9,23.0,Valorant Masters Bangkok 2025,Masters
Sylvan,T1,186.1,0.97,114.6,27.0,Valorant Masters Bangkok 2025,Masters
ZmjjKK,EDG,236.2,1.04,151.0,23.0,Valorant Masters Bangkok 2025,Masters
stax,T1,173.6,1.01,120.3,31.0,Valorant Masters Bangkok 2025,Masters
Smoggy,EDG,191.1,0.93,124.6,30.0,Valorant Masters Bangkok 2025,Masters
Flashback,DRX,180.4,1.0,126.4,26.0,Valorant Masters Bangkok 2025,Masters
kamo,TL,215.0,1.02,144.5,27.0,Valorant Masters Bangkok 2025,Masters
JonahP,G2,187.6,0.93,119.3,24.0,Valorant Masters Bangkok 2025,Masters
Kicks,VIT,174.3,0.93,115.0,27.0,Valorant Masters Bangkok 2025,Masters
nobody,EDG,180.1,0.9,123.9,30.0,Valorant Masters Bangkok 2025,Masters
bang,SEN,186.0,0.91,113.8,31.0,Valorant Masters Bangkok 2025,Masters
Kai,TE,200.8,0.87,128.6,31.0,Valorant Masters Bangkok 2025,Masters
zekken,SEN,196.6,0.99,135.1,29.0,Valorant Masters Bangkok 2025,Masters
MaKo,DRX,173.3,0.83,118.4,24.0,Valorant Masters Bangkok 2025,Masters
HYUNMIN,DRX,205.9,0.89,134.0,32.0,Valorant Masters Bangkok 2025,Masters
kamyk,TL,180.3,0.85,118.3,31.0,Valorant Masters Bangkok 2025,Masters
Biank,TE,166.8,0.72,115.6,19.0,Valorant Masters Bangkok 2025,Masters
S1Mon,EDG,151.5,0.75,100.7,30.0,Valorant Masters Bangkok 2025,Masters
johnqt,SEN,159.8,0.79,105.3,19.0,Valorant Masters Bangkok 2025,Masters
Zellsis,SEN,159.8,0.63,109.3,19.0,Valorant Masters Bangkok 2025,Masters
Sayf,VIT,155.9,0.74,100.1,22.0,Valorant Masters Bangkok 2025,Masters
LuoK1ng,TE,155.8,0.67,105.2,34.0,Valorant Masters Bangkok 2025,Masters
paTiTek,TL,144.0,0.65,97.8,25.0,Valorant Masters Bangkok 2025,Masters
heybay,TE,134.3,0.54,89.7,26.0,Valorant Masters Bangkok 2025,Masters
carpe,T1,140.5,0.57,92.1,27.0,Valorant Masters Bangkok 2025,Masters
FengF,TE,151.0,0.56,104.6,21.0,Valorant Masters Bangkok 2025,Masters
keiko,TL,239.5,1.34,156.3,40.0,VCT 2025: EMEA Kickoff,EMEA
Minny,M8,219.5,1.26,139.8,38.0,VCT 2025: EMEA Kickoff,EMEA
florescent,APK,256.6,1.16,172.9,38.0,VCT 2025: EMEA Kickoff,EMEA
kaajak,FNC,245.0,1.3,157.9,37.0,VCT 2025: EMEA Kickoff,EMEA
yetujey,FUT,230.8,1.15,150.9,26.0,VCT 2025: EMEA Kickoff,EMEA
Alfajer,FNC,233.5,1.15,153.4,29.0,VCT 2025: EMEA Kickoff,EMEA
Derke,VIT,252.8,1.17,164.9,30.0,VCT 2025: EMEA Kickoff,EMEA
Sayf,VIT,214.2,1.22,138.5,26.0,VCT 2025: EMEA Kickoff,EMEA
sociablEE,BBL,228.5,1.12,144.8,22.0,VCT 2025: EMEA Kickoff,EMEA
Avez,KC,208.8,1.08,135.0,36.0,VCT 2025: EMEA Kickoff,EMEA
Wo0t,TH,205.1,1.03,136.8,35.0,VCT 2025: EMEA Kickoff,EMEA
Ruxic,NAVI,216.0,1.04,136.7,26.0,VCT 2025: EMEA Kickoff,EMEA
Less,VIT,196.3,1.15,126.5,30.0,VCT 2025: EMEA Kickoff,EMEA
SUYGETSU,KC,194.2,1.1,122.7,42.0,VCT 2025: EMEA Kickoff,EMEA
Shao,NAVI,183.8,1.14,120.7,29.0,VCT 2025: EMEA Kickoff,EMEA
Cloud,GX,206.1,1.03,139.5,30.0,VCT 2025: EMEA Kickoff,EMEA
kamyk,TL,201.9,1.1,132.9,25.0,VCT 2025: EMEA Kickoff,EMEA
Chronicle,FNC,195.8,1.1,131.1,24.0,VCT 2025: EMEA Kickoff,EMEA
RieNs,TH,205.4,1.02,137.4,43.0,VCT 2025: EMEA Kickoff,EMEA
PROFEK,BBL,200.7,1.07,133.8,30.0,VCT 2025: EMEA Kickoff,EMEA
xeus,FUT,231.8,1.09,148.7,38.0,VCT 2025: EMEA Kickoff,EMEA
Kada,M8,181.9,1.03,113.7,36.0,VCT 2025: EMEA Kickoff,EMEA
trexx,VIT,194.2,1.01,128.3,17.0,VCT 2025: EMEA Kickoff,EMEA
Click,M8,209.6,1.12,134.1,38.0,VCT 2025: EMEA Kickoff,EMEA
Kicks,VIT,194.7,1.0,117.7,29.0,VCT 2025: EMEA Kickoff,EMEA
paTiTek,TL,173.8,0.98,116.2,26.0,VCT 2025: EMEA Kickoff,EMEA
Zyppan,M8,179.6,0.91,120.8,31.0,VCT 2025: EMEA Kickoff,EMEA
kamo,TL,219.6,1.05,143.6,27.0,VCT 2025: EMEA Kickoff,EMEA
nAts,TL,200.0,1.02,135.0,29.0,VCT 2025: EMEA Kickoff,EMEA
tomaszy,GX,182.5,0.91,120.8,30.0,VCT 2025: EMEA Kickoff,EMEA
saadhak,KC,183.9,0.97,119.2,26.0,VCT 2025: EMEA Kickoff,EMEA
Filu,MKOI,228.8,0.99,149.9,28.0,VCT 2025: EMEA Kickoff,EMEA
purp0,GX,218.5,1.02,143.5,37.0,VCT 2025: EMEA Kickoff,EMEA
Elite,KC,170.1,0.96,117.9,40.0,VCT 2025: EMEA Kickoff,EMEA
Boaster,FNC,169.9,0.91,110.8,23.0,VCT 2025: EMEA Kickoff,EMEA
marteen,KC,204.2,0.97,134.6,28.0,VCT 2025: EMEA Kickoff,EMEA
Jamppi,BBL,189.0,0.88,127.9,29.0,VCT 2025: EMEA Kickoff,EMEA
MiniBoo,TH,197.3,0.92,131.4,33.0,VCT 2025: EMEA Kickoff,EMEA
LewN,BBL,205.3,0.98,132.8,36.0,VCT 2025: EMEA Kickoff,EMEA
AvovA,APK,175.4,0.85,117.1,35.0,VCT 2025: EMEA Kickoff,EMEA
soulcas,MKOI,184.8,0.93,125.3,33.0,VCT 2025: EMEA Kickoff,EMEA
MrFaliN,FUT,164.8,0.84,109.7,23.0,VCT 2025: EMEA Kickoff,EMEA
grubinho,MKOI,168.3,0.89,104.5,26.0,VCT 2025: EMEA Kickoff,EMEA
qRaxs,FUT,178.6,0.85,117.8,26.0,VCT 2025: EMEA Kickoff,EMEA
oderus,APK,184.5,0.91,132.5,38.0,VCT 2025: EMEA Kickoff,EMEA
RobbieBk,M8,154.3,0.77,111.0,28.0,VCT 2025: EMEA Kickoff,EMEA
runneR,GX,170.6,0.81,110.4,24.0,VCT 2025: EMEA Kickoff,EMEA
AtaKaptan,FUT,170.8,0.79,110.8,27.0,VCT 2025: EMEA Kickoff,EMEA
crashies,FNC,155.3,0.91,112.0,34.0,VCT 2025: EMEA Kickoff,EMEA
koalanoob,NAVI,200.7,0.94,133.8,23.0,VCT 2025: EMEA Kickoff,EMEA
hiro,NAVI,168.7,0.86,120.5,29.0,VCT 2025: EMEA Kickoff,EMEA
Boo,TH,156.3,0.76,104.6,38.0,VCT 2025: EMEA Kickoff,EMEA
MOLSI,APK,149.6,0.7,100.9,27.0,VCT 2025: EMEA Kickoff,EMEA
sheydos,MKOI,154.3,0.75,111.7,27.0,VCT 2025: EMEA Kickoff,EMEA
hype,APK,172.6,0.79,116.9,29.0,VCT 2025: EMEA Kickoff,EMEA
westside,GX,164.4,0.78,111.2,36.0,VCT 2025: EMEA Kickoff,EMEA
benjyfishy,TH,161.6,0.8,113.5,36.0,VCT 2025: EMEA Kickoff,EMEA
vakk,BBL,150.5,0.77,97.4,32.0,VCT 2025: EMEA Kickoff,EMEA
flyuh,MKOI,168.7,0.77,112.5,24.0,VCT 2025: EMEA Kickoff,EMEA
batujnax,APK,155.7,0.73,103.0,19.0,VCT 2025: EMEA Kickoff,EMEA
ANGE1,NAVI,148.0,0.63,99.5,29.0,VCT 2025: EMEA Kickoff,EMEA
penny,FUR,266.0,1.68,165.9,24.0,VCT 2025: Americas Kickoff,Americas
mada,NRG,277.3,1.37,173.6,22.0,VCT 2025: Americas Kickoff,Americas
bdog,FUR,212.5,1.33,125.5,35.0,VCT 2025: Americas Kickoff,Americas
aspas,MIBR,248.8,1.38,163.4,23.0,VCT 2025: Americas Kickoff,Americas
trent,G2,217.2,1.42,150.7,28.0,VCT 2025: Americas Kickoff,Americas
Shyy,KRÜ,213.1,1.22,141.9,28.0,VCT 2025: Americas Kickoff,Americas
leaf,G2,230.0,1.27,151.6,27.0,VCT 2025: Americas Kickoff,Americas
dgzin,LOUD,238.9,1.35,156.1,26.0,VCT 2025: Americas Kickoff,Americas
jakee,FUR,221.0,1.16,141.7,25.0,VCT 2025: Americas Kickoff,Americas
gobera,2G,239.5,1.07,157.2,32.0,VCT 2025: Americas Kickoff,Americas
Cryocells,100T,233.9,1.2,154.1,29.0,VCT 2025: Americas Kickoff,Americas
Melser,KRÜ,204.0,1.23,125.7,33.0,VCT 2025: Americas Kickoff,Americas
s0m,NRG,215.0,1.1,134.1,24.0,VCT 2025: Americas Kickoff,Americas
Khalil,FUR,211.3,1.07,137.1,39.0,VCT 2025: Americas Kickoff,Americas
eeiu,100T,198.1,1.21,129.0,41.0,VCT 2025: Americas Kickoff,Americas
johnqt,SEN,186.5,1.05,127.9,27.0,VCT 2025: Americas Kickoff,Americas
kiNgg,LEV,216.0,1.08,138.4,32.0,VCT 2025: Americas Kickoff,Americas
pANcada,LOUD,193.4,1.08,129.0,39.0,VCT 2025: Americas Kickoff,Americas
stellar,FUR,204.5,1.21,143.3,19.0,VCT 2025: Americas Kickoff,Americas
JonahP,G2,178.9,1.04,113.7,24.0,VCT 2025: Americas Kickoff,Americas
nataNk,LEV,207.1,1.07,136.9,25.0,VCT 2025: Americas Kickoff,Americas
Asuna,100T,234.3,1.08,149.7,22.0,VCT 2025: Americas Kickoff,Americas
zekken,SEN,219.7,1.1,144.3,23.0,VCT 2025: Americas Kickoff,Americas
xenom,MIBR,182.6,1.03,118.2,31.0,VCT 2025: Americas Kickoff,Americas
keznit,KRÜ,214.6,1.1,137.9,22.0,VCT 2025: Americas Kickoff,Americas
tex,LEV,186.6,1.09,123.3,36.0,VCT 2025: Americas Kickoff,Americas
valyn,G2,187.5,1.03,122.8,20.0,VCT 2025: Americas Kickoff,Americas
supamen,EG,190.0,1.01,123.2,35.0,VCT 2025: Americas Kickoff,Americas
Zellsis,SEN,200.2,0.97,129.9,24.0,VCT 2025: Americas Kickoff,Americas
Ethan,NRG,188.0,0.94,123.4,27.0,VCT 2025: Americas Kickoff,Americas
N4RRATE,SEN,193.5,0.95,124.8,23.0,VCT 2025: Americas Kickoff,Americas
bang,SEN,189.4,0.96,123.8,34.0,VCT 2025: Americas Kickoff,Americas
v1c,C9,174.0,0.91,115.2,24.0,VCT 2025: Americas Kickoff,Americas
yay,EG,193.7,0.96,129.3,30.0,VCT 2025: Americas Kickoff,Americas
jawgemo,G2,217.3,0.99,136.7,18.0,VCT 2025: Americas Kickoff,Americas
Xeppaa,C9,194.6,0.93,131.4,21.0,VCT 2025: Americas Kickoff,Americas
NaturE,EG,171.7,0.9,117.3,25.0,VCT 2025: Americas Kickoff,Americas
adverso,KRÜ,186.3,0.93,122.3,19.0,VCT 2025: Americas Kickoff,Americas
C0M,LEV,195.9,0.97,132.2,21.0,VCT 2025: Americas Kickoff,Americas
icy,EG,216.5,0.96,141.0,21.0,VCT 2025: Americas Kickoff,Americas
cauanzin,LOUD,211.4,0.93,138.0,28.0,VCT 2025: Americas Kickoff,Americas
Verno,NRG,172.1,0.97,114.4,33.0,VCT 2025: Americas Kickoff,Americas
nzr,MIBR,172.3,0.86,118.8,27.0,VCT 2025: Americas Kickoff,Americas
Demon1,LEV,198.1,0.93,137.2,26.0,VCT 2025: Americas Kickoff,Americas
Add3r,FUR,194.5,1.0,126.2,33.0,VCT 2025: Americas Kickoff,Americas
Mazino,KRÜ,182.5,0.89,118.3,27.0,VCT 2025: Americas Kickoff,Americas
zander,100T,171.6,0.88,106.7,25.0,VCT 2025: Americas Kickoff,Americas
tuyz,LOUD,158.6,0.84,103.0,31.0,VCT 2025: Americas Kickoff,Americas
v1nny,LOUD,153.8,0.82,108.2,34.0,VCT 2025: Americas Kickoff,Americas
OXY,C9,222.0,0.93,145.7,23.0,VCT 2025: Americas Kickoff,Americas
mwzera,FUR,166.3,0.8,111.6,18.0,VCT 2025: Americas Kickoff,Americas
cortezia,MIBR,184.4,0.92,125.6,34.0,VCT 2025: Americas Kickoff,Americas
havoc,FUR,220.0,0.86,146.8,24.0,VCT 2025: Americas Kickoff,Americas
artzin,MIBR,192.8,0.84,126.4,18.0,VCT 2025: Americas Kickoff,Americas
Derrek,EG,174.8,0.83,115.3,35.0,VCT 2025: Americas Kickoff,Americas
neT,C9,174.7,0.86,116.2,40.0,VCT 2025: Americas Kickoff,Americas
mitch,C9,163.0,0.71,103.2,20.0,VCT 2025: Americas Kickoff,Americas
lz,2G,171.3,0.74,118.0,44.0,VCT 2025: Americas Kickoff,Americas
FiNESSE,NRG,145.1,0.68,99.6,18.0,VCT 2025: Americas Kickoff,Americas
heat,FUR,172.5,0.83,116.1,41.0,VCT 2025: Americas Kickoff,Americas
silentzz,2G,188.5,0.71,122.1,40.0,VCT 2025: Americas Kickoff,Americas
pryze,2G,149.5,0.62,96.0,23.0,VCT 2025: Americas Kickoff,Americas
Boostio,100T,138.0,0.68,85.7,23.0,VCT 2025: Americas Kickoff,Americas
raafa,FUR,136.3,0.56,93.7,21.0,VCT 2025: Americas Kickoff,Americas
Zap,2G,128.3,0.49,92.8,19.0,VCT 2025: Americas Kickoff,Americas
Karon,GEN,205.2,1.25,135.9,32.0,VCT 2025: Pacific Kickoff,Pacific
Jemkin,RRQ,257.4,1.29,164.2,27.0,VCT 2025: Pacific Kickoff,Pacific
Meiy,DFM,240.4,1.21,161.3,31.0,VCT 2025: Pacific Kickoff,Pacific
primmie,TLN,234.8,1.3,152.2,36.0,VCT 2025: Pacific Kickoff,Pacific
free1ng,DRX,222.2,1.24,146.5,29.0,VCT 2025: Pacific Kickoff,Pacific
BerserX,BME,208.8,1.19,145.1,25.0,VCT 2025: Pacific Kickoff,Pacific
Kushy,RRQ,222.2,1.14,142.6,34.0,VCT 2025: Pacific Kickoff,Pacific
MaKo,DRX,204.8,1.09,134.8,26.0,VCT 2025: Pacific Kickoff,Pacific
f0rsakeN,PRX,221.6,1.1,148.5,35.0,VCT 2025: Pacific Kickoff,Pacific
Ivy,NS,195.8,1.16,124.4,30.0,VCT 2025: Pacific Kickoff,Pacific
HYUNMIN,DRX,245.4,1.15,165.5,28.0,VCT 2025: Pacific Kickoff,Pacific
Francis,NS,218.8,1.07,144.7,23.0,VCT 2025: Pacific Kickoff,Pacific
Kr1stal,GE,207.3,1.07,139.0,24.0,VCT 2025: Pacific Kickoff,Pacific
JessieVash,TS,217.8,1.09,155.5,36.0,VCT 2025: Pacific Kickoff,Pacific
Persia,NS,191.2,1.06,125.5,27.0,VCT 2025: Pacific Kickoff,Pacific
JitBoyS,TLN,190.2,1.08,125.0,34.0,VCT 2025: Pacific Kickoff,Pacific
Estrella,RRQ,181.4,1.04,122.0,31.0,VCT 2025: Pacific Kickoff,Pacific
BuZz,T1,236.6,1.08,154.8,19.0,VCT 2025: Pacific Kickoff,Pacific
Jinggg,PRX,218.1,1.1,143.6,20.0,VCT 2025: Pacific Kickoff,Pacific
Dep,ZETA,227.0,1.03,135.2,28.0,VCT 2025: Pacific Kickoff,Pacific
Famouz,BME,230.5,1.07,142.9,13.0,VCT 2025: Pacific Kickoff,Pacific
Munchkin,GEN,202.4,1.03,130.3,24.0,VCT 2025: Pacific Kickoff,Pacific
carpe,T1,180.8,0.91,117.9,34.0,VCT 2025: Pacific Kickoff,Pacific
yoman,GEN,172.1,1.0,108.5,30.0,VCT 2025: Pacific Kickoff,Pacific
Akame,DFM,201.9,0.94,129.5,31.0,VCT 2025: Pacific Kickoff,Pacific
d4v41,PRX,194.0,0.99,139.0,32.0,VCT 2025: Pacific Kickoff,Pacific
dos9,BME,180.2,0.9,114.6,28.0,VCT 2025: Pacific Kickoff,Pacific
iZu,T1,183.5,1.02,126.7,28.0,VCT 2025: Pacific Kickoff,Pacific
Papi,GE,174.0,0.99,112.8,39.0,VCT 2025: Pacific Kickoff,Pacific
stax,T1,169.7,0.93,116.8,26.0,VCT 2025: Pacific Kickoff,Pacific
Monyet,RRQ,187.9,1.02,120.3,31.0,VCT 2025: Pacific Kickoff,Pacific
t3xture,GEN,222.4,1.12,141.8,24.0,VCT 2025: Pacific Kickoff,Pacific
something,PRX,210.4,1.01,131.3,22.0,VCT 2025: Pacific Kickoff,Pacific
UdoTan,GE,217.9,1.0,138.5,26.0,VCT 2025: Pacific Kickoff,Pacific
Foxy9,GEN,194.5,1.03,125.3,34.0,VCT 2025: Pacific Kickoff,Pacific
xffero,RRQ,180.6,1.02,121.3,27.0,VCT 2025: Pacific Kickoff,Pacific
margaret,NS,180.7,0.96,122.0,28.0,VCT 2025: Pacific Kickoff,Pacific
BeYN,DRX,159.9,0.88,106.1,27.0,VCT 2025: Pacific Kickoff,Pacific
Flashback,DRX,183.9,0.95,121.8,24.0,VCT 2025: Pacific Kickoff,Pacific
Sylvan,T1,176.3,0.87,118.7,26.0,VCT 2025: Pacific Kickoff,Pacific
Meteor,T1,203.2,0.97,136.6,28.0,VCT 2025: Pacific Kickoff,Pacific
Shiro,BME,174.5,0.82,114.0,20.0,VCT 2025: Pacific Kickoff,Pacific
Jinboong,DFM,169.6,0.92,111.8,34.0,VCT 2025: Pacific Kickoff,Pacific
gyen,DFM,168.0,0.9,110.1,27.0,VCT 2025: Pacific Kickoff,Pacific
mindfreak,PRX,168.6,0.83,110.9,30.0,VCT 2025: Pacific Kickoff,Pacific
invy,TS,173.8,0.8,117.1,32.0,VCT 2025: Pacific Kickoff,Pacific
ban,TLN,183.7,0.94,117.4,34.0,VCT 2025: Pacific Kickoff,Pacific
Jremy,TS,215.3,1.0,130.4,26.0,VCT 2025: Pacific Kickoff,Pacific
Deryeon,GE,155.3,0.89,107.4,26.0,VCT 2025: Pacific Kickoff,Pacific
Dambi,NS,218.5,0.88,135.7,20.0,VCT 2025: Pacific Kickoff,Pacific
Art,DFM,177.0,0.8,115.6,19.0,VCT 2025: Pacific Kickoff,Pacific
kellyS,GE,175.1,0.79,118.4,25.0,VCT 2025: Pacific Kickoff,Pacific
2GE,TS,166.0,0.81,101.6,16.0,VCT 2025: Pacific Kickoff,Pacific
Wild0reoo,TS,164.0,0.76,112.8,33.0,VCT 2025: Pacific Kickoff,Pacific
SugarZ3ro,ZETA,175.8,0.72,114.3,33.0,VCT 2025: Pacific Kickoff,Pacific
CLZ,ZETA,142.0,0.65,95.7,37.0,VCT 2025: Pacific Kickoff,Pacific
Crws,TLN,146.1,0.71,96.1,25.0,VCT 2025: Pacific Kickoff,Pacific
Governor,TLN,173.6,0.77,111.6,19.0,VCT 2025: Pacific Kickoff,Pacific
SyouTa,ZETA,177.8,0.76,114.1,44.0,VCT 2025: Pacific Kickoff,Pacific
NcSlasher,BME,147.5,0.71,97.3,31.0,VCT 2025: Pacific Kickoff,Pacific
Xdll,ZETA,174.0,0.7,115.4,33.0,VCT 2025: Pacific Kickoff,Pacific
Rarga,XLG,242.2,1.14,,,VCT 2025: China Kickoff,China
Autumn,FPX,204.9,1.02,,,VCT 2025: China Kickoff,China
K1ra,AG,181.8,0.77,,,VCT 2025: China Kickoff,China
Lsn,AG,164.8,0.81,,,VCT 2025: China Kickoff,China
SWERL,NOVA,219.8,1.08,,,VCT 2025: China Kickoff,China
o0o0o,NOVA,143.9,0.69,,,VCT 2025: China Kickoff,China
cb,NOVA,214.9,1.05,,,VCT 2025: China Kickoff,China
GuanG,NOVA,225.3,1.3,,,VCT 2025: China Kickoff,China
Ezeir,NOVA,223.4,1.07,,,VCT 2025: China Kickoff,China
Knight,BLG,192.2,1.0,,,VCT 2025: China Kickoff,China
whzy,BLG,206.7,0.98,,,VCT 2025: China Kickoff,China
nephh,BLG,228.5,1.06,,,VCT 2025: China Kickoff,China
Levius,BLG,167.2,0.85,,,VCT 2025: China Kickoff,China
rushia,BLG,163.2,0.86,,,VCT 2025: China Kickoff,China
Life,FPX,242.9,1.11,,,VCT 2025: China Kickoff,China
deLb,AG,210.4,1.01,,,VCT 2025: China Kickoff,China
yosemite,FPX,216.4,1.13,,,VCT 2025: China Kickoff,China
BerLIN,FPX,155.1,0.75,,,VCT 2025: China Kickoff,China
AAAAY,FPX,192.3,1.04,,,VCT 2025: China Kickoff,China
Biank,TE,211.1,0.97,,,VCT 2025: China Kickoff,China
LuoK1ng,TE,201.4,1.13,,,VCT 2025: China Kickoff,China
heybay,TE,197.4,1.02,,,VCT 2025: China Kickoff,China
FengF,TE,225.7,1.13,,,VCT 2025: China Kickoff,China
Kai,TE,207.8,1.04,,,VCT 2025: China Kickoff,China
nobody,EDG,205.9,1.2,,,VCT 2025: China Kickoff,China
ZmjjKK,EDG,270.4,1.27,,,VCT 2025: China Kickoff,China
Smoggy,EDG,212.2,1.21,,,VCT 2025: China Kickoff,China
S1Mon,EDG,151.4,0.84,,,VCT 2025: China Kickoff,China
CHICHOO,EDG,209.3,1.18,,,VCT 2025: China Kickoff,China
monk,AG,167.0,0.63,,,VCT 2025: China Kickoff,China
nizhaoTZH,AG,131.0,0.42,,,VCT 2025: China Kickoff,China
happywei,XLG,239.4,1.32,,,VCT 2025: China Kickoff,China
5CM,TYL,160.8,0.71,,,VCT 2025: China Kickoff,China
YOU,XLG,166.9,0.9,,,VCT 2025: China Kickoff,China
coconut,XLG,192.8,1.01,,,VCT 2025: China Kickoff,China
Viva,XLG,163.1,0.92,,,VCT 2025: China Kickoff,China
Spring,WOL,225.8,1.02,,,VCT 2025: China Kickoff,China
Yuicaw,WOL,180.4,0.8,,,VCT 2025: China Kickoff,China
SiuFatBB,WOL,152.8,0.8,,,VCT 2025: China Kickoff,China
Lysoar,WOL,198.6,0.8,,,VCT 2025: China Kickoff,China
Juicy,WOL,186.6,0.94,,,VCT 2025: China Kickoff,China
Ninebody,TYL,193.3,0.92,,,VCT 2025: China Kickoff,China
zjc,TYL,203.3,0.85,,,VCT 2025: China Kickoff,China
Eren,TYL,165.5,0.81,,,VCT 2025: China Kickoff,China
slowly,TYL,225.8,1.19,,,VCT 2025: China Kickoff,China
B1ack,TEC,189.6,0.93,,,VCT 2025: China Kickoff,China
SpiritZ1,DRG,179.1,0.89,,,VCT 2025: China Kickoff,China
Abo,TEC,188.7,0.9,,,VCT 2025: China Kickoff,China
Rb,TEC,194.0,0.94,,,VCT 2025: China Kickoff,China
Haodong,TEC,198.3,1.03,,,VCT 2025: China Kickoff,China
Dynamite,TEC,179.3,0.82,,,VCT 2025: China Kickoff,China
stew,JDG,250.5,1.4,,,VCT 2025: China Kickoff,China
jkuro,JDG,201.6,0.89,,,VCT 2025: China Kickoff,China
Z1yan,JDG,225.1,1.23,,,VCT 2025: China Kickoff,China
MrCANI,JDG,131.3,0.61,,,VCT 2025: China Kickoff,China
Babyblue,JDG,185.3,0.91,,,VCT 2025: China Kickoff,China
vo0kashu,DRG,210.3,1.1,,,VCT 2025: China Kickoff,China
Flex1n,DRG,195.9,1.03,,,VCT 2025: China Kickoff,China
TvirusLuke,DRG,192.5,0.88,,,VCT 2025: China Kickoff,China
Nicc,DRG,193.8,0.98,,,VCT 2025: China Kickoff,China
bunt,AG,121.7,0.49,,,VCT 2025: China Kickoff,China
